INSERT INTO `sys_role` (`role_id`, `role_name`, `role_key`, `role_sort`, `data_scope`, `menu_check_strictly`, `dept_check_strictly`, `status`, `del_flag`, `create_by`, `create_time`, `update_by`, `update_time`, `remark`) VALUES (100, '领导', 'leader', 3, '1', 1, 1, '0', '0', 'admin', '2024-04-01 10:51:30', '', NULL, NULL);
INSERT INTO `sys_role` (`role_id`, `role_name`, `role_key`, `role_sort`, `data_scope`, `menu_check_strictly`, `dept_check_strictly`, `status`, `del_flag`, `create_by`, `create_time`, `update_by`, `update_time`, `remark`) VALUES (101, '员工', 'yuangong', 4, '1', 1, 1, '0', '0', 'admin', '2024-04-01 10:52:06', '', NULL, NULL);
INSERT INTO `sys_user` (`user_id`, `dept_id`, `user_name`, `nick_name`, `user_type`, `email`, `phonenumber`, `sex`, `avatar`, `password`, `status`, `del_flag`, `login_ip`, `login_date`, `create_by`, `create_time`, `update_by`, `update_time`, `remark`) VALUES (100, NULL, 'leader', '领导', '00', '', '', '0', '', '$2a$10$l7l.cF7SKlC.D5EhO02tBeMgjNHWjwj3T9.C8ylxz2b9g85pJqltG', '0', '0', '127.0.0.1', '2024-04-01 10:55:39', 'admin', '2024-04-01 10:54:23', '', '2024-04-01 10:55:38', NULL);
INSERT INTO `sys_user` (`user_id`, `dept_id`, `user_name`, `nick_name`, `user_type`, `email`, `phonenumber`, `sex`, `avatar`, `password`, `status`, `del_flag`, `login_ip`, `login_date`, `create_by`, `create_time`, `update_by`, `update_time`, `remark`) VALUES (101, NULL, 'yuangong', '员工', '00', '', '', '0', '', '$2a$10$2IQ5nrTqnlG/NW2hzGr.r.gryFBhoIuV0O6PbAUdOpeBFikvCY9Qe', '0', '0', '127.0.0.1', '2024-04-01 10:56:25', 'admin', '2024-04-01 10:54:35', '', '2024-04-01 10:56:25', NULL);
INSERT INTO `sys_user_role` (`user_id`, `role_id`) VALUES (100, 100);
INSERT INTO `sys_user_role` (`user_id`, `role_id`) VALUES (101, 101);
INSERT INTO `sys_role_menu` (`role_id`, `menu_id`) VALUES (100, 1061);
INSERT INTO `sys_role_menu` (`role_id`, `menu_id`) VALUES (100, 1092);
INSERT INTO `sys_role_menu` (`role_id`, `menu_id`) VALUES (100, 1094);
INSERT INTO `sys_role_menu` (`role_id`, `menu_id`) VALUES (100, 1095);
INSERT INTO `sys_role_menu` (`role_id`, `menu_id`) VALUES (100, 1096);
INSERT INTO `sys_role_menu` (`role_id`, `menu_id`) VALUES (100, 1097);
INSERT INTO `sys_role_menu` (`role_id`, `menu_id`) VALUES (100, 1098);
INSERT INTO `sys_role_menu` (`role_id`, `menu_id`) VALUES (100, 1106);
INSERT INTO `sys_role_menu` (`role_id`, `menu_id`) VALUES (100, 1107);
INSERT INTO `sys_role_menu` (`role_id`, `menu_id`) VALUES (100, 1108);
INSERT INTO `sys_role_menu` (`role_id`, `menu_id`) VALUES (100, 1109);
INSERT INTO `sys_role_menu` (`role_id`, `menu_id`) VALUES (100, 1110);
INSERT INTO `sys_role_menu` (`role_id`, `menu_id`) VALUES (100, 1111);
INSERT INTO `sys_role_menu` (`role_id`, `menu_id`) VALUES (100, 1112);
INSERT INTO `sys_role_menu` (`role_id`, `menu_id`) VALUES (100, 1114);
INSERT INTO `sys_role_menu` (`role_id`, `menu_id`) VALUES (100, 1115);
INSERT INTO `sys_role_menu` (`role_id`, `menu_id`) VALUES (100, 1116);
INSERT INTO `sys_role_menu` (`role_id`, `menu_id`) VALUES (100, 1117);
INSERT INTO `sys_role_menu` (`role_id`, `menu_id`) VALUES (100, 1118);
INSERT INTO `sys_role_menu` (`role_id`, `menu_id`) VALUES (100, 1119);
INSERT INTO `sys_role_menu` (`role_id`, `menu_id`) VALUES (100, 1122);
INSERT INTO `sys_role_menu` (`role_id`, `menu_id`) VALUES (100, 1123);
INSERT INTO `sys_role_menu` (`role_id`, `menu_id`) VALUES (100, 1124);
INSERT INTO `sys_role_menu` (`role_id`, `menu_id`) VALUES (100, 2000);
INSERT INTO `sys_role_menu` (`role_id`, `menu_id`) VALUES (100, 2001);
INSERT INTO `sys_role_menu` (`role_id`, `menu_id`) VALUES (101, 1061);
INSERT INTO `sys_role_menu` (`role_id`, `menu_id`) VALUES (101, 1092);
INSERT INTO `sys_role_menu` (`role_id`, `menu_id`) VALUES (101, 1094);
INSERT INTO `sys_role_menu` (`role_id`, `menu_id`) VALUES (101, 1095);
INSERT INTO `sys_role_menu` (`role_id`, `menu_id`) VALUES (101, 1096);
INSERT INTO `sys_role_menu` (`role_id`, `menu_id`) VALUES (101, 1097);
INSERT INTO `sys_role_menu` (`role_id`, `menu_id`) VALUES (101, 1098);
INSERT INTO `sys_role_menu` (`role_id`, `menu_id`) VALUES (101, 1106);
INSERT INTO `sys_role_menu` (`role_id`, `menu_id`) VALUES (101, 1107);
INSERT INTO `sys_role_menu` (`role_id`, `menu_id`) VALUES (101, 1108);
INSERT INTO `sys_role_menu` (`role_id`, `menu_id`) VALUES (101, 1109);
INSERT INTO `sys_role_menu` (`role_id`, `menu_id`) VALUES (101, 1110);
INSERT INTO `sys_role_menu` (`role_id`, `menu_id`) VALUES (101, 1111);
INSERT INTO `sys_role_menu` (`role_id`, `menu_id`) VALUES (101, 1112);
INSERT INTO `sys_role_menu` (`role_id`, `menu_id`) VALUES (101, 1114);
INSERT INTO `sys_role_menu` (`role_id`, `menu_id`) VALUES (101, 1115);
INSERT INTO `sys_role_menu` (`role_id`, `menu_id`) VALUES (101, 1116);
INSERT INTO `sys_role_menu` (`role_id`, `menu_id`) VALUES (101, 1117);
INSERT INTO `sys_role_menu` (`role_id`, `menu_id`) VALUES (101, 1118);
INSERT INTO `sys_role_menu` (`role_id`, `menu_id`) VALUES (101, 1119);
INSERT INTO `sys_role_menu` (`role_id`, `menu_id`) VALUES (101, 1122);
INSERT INTO `sys_role_menu` (`role_id`, `menu_id`) VALUES (101, 1123);
INSERT INTO `sys_role_menu` (`role_id`, `menu_id`) VALUES (101, 1124);
INSERT INTO `sys_role_menu` (`role_id`, `menu_id`) VALUES (101, 2000);
INSERT INTO `sys_role_menu` (`role_id`, `menu_id`) VALUES (101, 2001);